Domain,Status,Attractiveness,Demand,Length,Sectors,Created,Expires,Registrar
brief.health,available,124,19%,5,"Business,Education,General,Law",,,
wizard.health,expired,118,42%,6,"Entertainment,Media,Technology",14/06/2024 06:32,14/06/2025 06:32,"Spaceship, Inc."
equal.health,expired,116,19%,5,"Education,General,Law",19/08/2022 08:53,19/08/2025 08:53,"GoDaddy.com, LLC"
tenth.health,available,116,7%,5,Mathematics,,,
flat.health,available,116,24%,4,"Construction,Real Estate",,,
tonic.health,expired,114,22%,5,"Health and Fitness,Medicine,Science",05/07/2017 21:58,05/07/2025 21:58,DotHealth LLC
above.health,expiring,112,22%,5,Business,04/09/2024 02:01,04/09/2025 02:01,"GoDaddy.com, LLC"
acute.health,available,112,9%,5,"Mathematics,Medicine,Science",,,
hotshot.health,available,112,14%,7,"Business,Entertainment,Sports",,,
abiding.health,available,106,5%,7,"General,Religion",,,
active.health,available,104,27%,6,"Health and Fitness,Sports,Travel",,,
teen.health,available,104,14%,4,"Education,Entertainment,Healthcare",,,
captive.health,available,102,14%,7,"Entertainment,Hospitality,Technology",,,
absent.health,available,102,8%,6,"Business,Education,Technology",,,
eight.health,available,102,23%,5,"General,Mathematics",,,
ninth.health,available,100,9%,5,Mathematics,,,
eighth.health,available,100,6%,6,Mathematics,,,
crack.health,available,100,20%,5,Sports,,,
whiz.health,available,100,12%,4,"Business,Education,Technology",,,
third.health,available,100,16%,5,Mathematics,,,
adjunct.health,available,100,5%,7,Education,,,
remove.health,available,100,13%,6,"Construction,Manufacturing,Technology",,,
abrupt.health,available,100,3%,6,"Medicine,Science",,,
whizz.health,available,98,11%,5,"Business,Education,Technology",,,
alamode.health,available,96,12%,9,Fashion,,,
forgiving.health,available,96,3%,9,"Healthcare,Religion",,,
doable.health,available,96,9%,6,"Business,Education,Technology",,,
adequate.health,available,94,9%,8,"Education,Healthcare,Technology",,,
around.health,available,94,22%,6,"Business,General,Media,Technology",,,
abject.health,available,94,7%,6,Humanities,,,
neutral.health,available,92,20%,7,"Business,Media,Politics",,,
derelict.health,available,92,7%,8,"Construction,Real Estate",,,
adjective.health,available,92,5%,9,Education,,,
twentieth.health,available,92,3%,9,Mathematics,,,
nought.health,available,92,4%,6,Mathematics,,,
abortive.health,available,90,1%,8,"Medicine,Science",,,
adoring.health,available,90,2%,7,"Entertainment,Fashion,Retail",,,
leash.health,available,90,7%,5,"General,Health and Fitness,Retail",,,
additional.health,available,90,8%,10,"Fashion,Retail,Technology",,,
riveting.health,available,90,6%,8,"Entertainment,Media,Technology",,,
gripping.health,available,90,3%,8,"Entertainment,Media,Technology",,,
endearing.health,available,90,1%,9,"Entertainment,Fashion,Retail",,,
adlib.health,available,88,7%,6,Entertainment,,,
actionable.health,expired,88,13%,10,"Business,Law",18/08/2023 08:21,18/08/2025 08:21,"Cloudflare, Inc."
wide.health,available,88,18%,4,"Business,Media,Technology",,,
activist.health,available,88,12%,8,"Humanities,Politics",,,
eleven.health,expiring,88,33%,6,Mathematics,25/08/2020 14:15,25/08/2025 14:15,"GoDaddy.com, LLC"
proficient.health,available,88,8%,10,"Education,Health and Fitness,Sports",,,
fifteen.health,available,88,13%,7,Mathematics,,,
ten.health,available,88,28%,3,"General,Mathematics",,,
sixteen.health,available,88,11%,7,Mathematics,,,
extempore.health,available,86,3%,9,Entertainment,,,
xiv.health,available,86,12%,3,Mathematics,,,
adolescent.health,available,86,3%,10,"Education,Entertainment,Healthcare",,,
aboriginal.health,available,86,10%,10,Humanities,,,
recondite.health,available,86,4%,9,"Arts,Humanities,Science",,,
attendant.health,available,86,5%,9,"Healthcare,Hospitality,Transportation",,,
engrossing.health,available,86,0%,10,"Entertainment,Media,Technology",,,
star.health,resell,86,40%,4,"Entertainment,Media,Sports",20/04/2019 17:09,20/04/2026 17:09,"GoDaddy.com, LLC"
xix.health,available,86,11%,3,Mathematics,,,
adjustable.health,available,84,3%,10,"Manufacturing,Retail,Technology",,,
twentyone.health,available,84,13%,10,Mathematics,,,
accessory.health,available,84,8%,9,"Fashion,Retail,Technology",,,
seventeen.health,available,84,7%,9,Mathematics,,,
thousand.health,available,84,8%,8,Mathematics,,,
grand.health,available,84,25%,5,"Finance,General",,,
fourteen.health,available,84,8%,8,Mathematics,,,
twentytwo.health,available,84,11%,10,Mathematics,,,
deviate.health,available,84,12%,7,"Medicine,Science",,,
nineteen.health,available,84,8%,8,Mathematics,,,
acting.health,available,84,12%,6,Entertainment,,,
thirteen.health,available,84,10%,8,Mathematics,,,
abenaki.health,available,82,2%,7,Geography,,,
fivesome.health,available,82,1%,8,Sports,,,
dozen.health,available,82,10%,5,Mathematics,,,
abkhaz.health,available,82,1%,6,Geography,,,
absorbent.health,available,82,3%,9,"Healthcare,Manufacturing,Retail",,,
impromptu.health,available,82,16%,9,Entertainment,,,
altered.health,available,82,9%,7,"Medicine,Science",,,
decade.health,available,82,10%,6,Mathematics,,,
abroach.health,available,82,1%,7,Food and Beverage,,,
abdominal.health,resell,82,1%,9,"Health and Fitness,Medicine",07/11/2023 19:31,07/11/2025 19:31,"GoDaddy.com, LLC"
superstar.health,available,80,18%,9,Entertainment,,,
two.health,expiring,80,24%,3,Mathematics,21/08/2018 08:13,21/08/2025 08:13,"GoDaddy.com, LLC"
yard.health,available,80,26%,4,"Construction,General",,,
twenty.health,available,80,12%,6,Mathematics,,,
forty.health,available,80,9%,5,Mathematics,,,
worshipful.health,available,80,1%,10,"Education,Healthcare,Religion",,,
seventh.health,available,80,10%,7,Mathematics,,,
trio.health,resell,80,21%,4,Entertainment,19/01/2023 02:54,19/01/2026 02:54,Sav.com LLC
absorbable.health,available,80,0%,10,"Healthcare,Pharmaceuticals,Science",,,
adoptable.health,available,80,3%,9,"Education,Healthcare",,,
dormant.health,available,78,4%,7,"Medicine,Science",,,
sixtynine.health,available,78,8%,10,Mathematics,,,
accepted.health,available,78,6%,8,"Business,Education,Technology",,,
honestly.health,available,78,9%,8,"Business,Law",,,
acceptable.health,available,78,5%,10,"Business,Hospitality,Retail",,,
abkhazian.health,available,78,1%,9,Geography,,,
absorptive.health,available,78,1%,10,"Healthcare,Manufacturing,Retail",,,
twentysix.health,available,78,8%,10,Mathematics,,,
recognised.health,available,78,3%,10,"Business,Education,Technology",,,
abkhasian.health,available,78,1%,9,Geography,,,
accidental.health,available,78,11%,10,"Healthcare,Insurance,Transportation",,,
recognized.health,available,78,3%,10,"Business,Education,Technology",,,
adrenal.health,available,78,4%,7,"Education,Healthcare,Science",,,
abounding.health,available,78,2%,9,Agriculture,,,
acceptant.health,available,78,1%,9,"Education,Healthcare",,,
diamond.health,expired,76,32%,7,Fashion,30/07/2024 16:09,30/07/2025 16:09,DotHealth LLC
ague.health,available,76,2%,4,"Geography,Medicine,Science",,,
hundredth.health,available,76,1%,9,Mathematics,,,
addable.health,available,76,2%,7,"Engineering,Mathematics,Science",,,
adipose.health,available,76,2%,7,"Healthcare,Science",,,
adhesive.health,available,76,7%,8,"Construction,Manufacturing,Technology",,,
abrasive.health,available,76,6%,8,"Construction,Manufacturing",,,
nineteenth.health,available,76,3%,10,Mathematics,,,
resultant.health,available,76,2%,9,"Healthcare,Insurance,Transportation",,,
adaptable.health,expiring,76,9%,9,"Business,Education,Technology",22/08/2024 17:24,22/08/2025 17:24,"GoDaddy.com, LLC"
acoustic.health,available,76,14%,8,Science,,,
ancillary.health,available,76,6%,9,"Healthcare,Manufacturing,Technology",,,
obscene.health,available,76,5%,7,"Entertainment,Media",,,
thirteenth.health,available,76,4%,10,Mathematics,,,
improvise.health,available,76,4%,9,Entertainment,,,
fifteenth.health,available,76,2%,9,Mathematics,,,
fourteenth.health,available,76,1%,10,Mathematics,,,
firstrate.health,available,76,6%,10,Business,,,
incidental.health,available,76,4%,10,"Healthcare,Insurance,Transportation",,,
thousandth.health,available,76,1%,10,Mathematics,,,
threed.health,available,76,7%,7,Technology,,,
auxiliary.health,available,76,7%,9,"Healthcare,Manufacturing,Technology",,,
ventral.health,available,76,3%,7,Science,,,
manageable.health,available,74,4%,10,"Business,Education,Technology",,,
aberrant.health,available,74,6%,8,"Medicine,Science",,,
admirable.health,available,74,5%,9,"Business,Education,Healthcare",,,
cleared.health,available,74,7%,7,"Healthcare,Law,Transportation",,,
skilful.health,available,74,3%,7,"Education,Health and Fitness,Sports",,,
single.health,available,74,19%,6,Sports,,,
realizable.health,available,74,1%,10,"Business,Education,Technology",,,
playing.health,available,74,12%,7,Entertainment,,,
mavin.health,available,74,7%,5,"Entertainment,Fashion,Technology",,,
adrenergic.health,available,74,1%,10,"Education,Healthcare,Science",,,
adamant.health,available,74,14%,7,Religion,,,
adenoid.health,available,74,1%,7,"Health and Fitness,Medicine,Science",,,
acuate.health,available,74,2%,6,"Engineering,Medicine,Science",,,
broad.health,available,74,13%,5,"Entertainment,General,Media",,,
adapted.health,available,74,6%,7,"Healthcare,Manufacturing,Technology",,,
accepting.health,available,74,3%,9,"Education,Healthcare",,,
abnormal.health,available,74,16%,8,"Medicine,Science",,,
adonic.health,available,72,2%,6,"Arts,Education,Entertainment",,,
engrossed.health,available,72,1%,9,"Entertainment,Media,Technology",,,
abloom.health,available,72,5%,6,Agriculture,,,
ablaze.health,available,72,6%,6,Entertainment,,,
accusative.health,available,72,0%,10,"Humanities,Law",,,
ninetieth.health,available,72,1%,9,Mathematics,,,
improvize.health,available,72,1%,9,Entertainment,,,
abreast.health,available,72,2%,7,"Business,Technology",,,
adjectival.health,available,72,1%,10,Education,,,
accustomed.health,available,72,1%,10,"Business,Education,Humanities",,,
sixtieth.health,available,72,1%,8,Mathematics,,,
adaptative.health,available,72,1%,10,"Business,Education,Technology",,,
absorbed.health,available,72,2%,8,"Entertainment,Media,Technology",,,
adjunctive.health,available,72,1%,10,"Healthcare,Manufacturing,Technology",,,
addicted.health,available,72,9%,8,Healthcare,,,
ternary.health,available,72,7%,7,Mathematics,,,
adiabatic.health,available,72,3%,9,"Engineering,Science",,,
eightieth.health,available,72,1%,9,Mathematics,,,
existent.health,available,72,3%,8,"Mathematics,Science",,,
trey.health,available,72,14%,4,Sports,,,
aching.health,available,72,4%,6,Healthcare,,,
absolutist.health,available,72,1%,10,"Humanities,Law,Politics",,,
seventieth.health,available,72,1%,10,Mathematics,,,
adamantine.health,available,70,4%,10,Religion,,,
recumbent.health,available,70,2%,9,"Healthcare,Medicine,Science",,,
gymnastic.health,available,70,3%,9,"Entertainment,Sports",,,
unity.health,resell,70,40%,5,Mathematics,05/12/2017 15:33,05/12/2025 15:33,"GoDaddy.com, LLC"
offhand.health,available,70,2%,7,Entertainment,,,
miserable.health,available,70,4%,9,Humanities,,,
absorbing.health,available,70,3%,9,"Entertainment,Media,Technology",,,
accumbent.health,available,70,1%,9,"Healthcare,Medicine,Science",,,
stillborn.health,available,70,2%,9,"Medicine,Science",,,
abradant.health,available,70,1%,8,"Construction,Manufacturing",,,
adored.health,available,70,6%,6,"Entertainment,Fashion,Retail",,,
lowdown.health,available,70,6%,8,"Entertainment,Media",,,
abulic.health,available,70,1%,6,Medicine,,,
skillful.health,available,70,9%,8,"Education,Health and Fitness,Sports",,,
consequent.health,available,70,3%,10,"Business,Education,General,Technology",,,
acuminate.health,available,70,1%,9,"Engineering,Medicine,Science",,,
practiced.health,available,70,3%,9,"Education,Health and Fitness,Sports",,,
admired.health,available,70,5%,7,"Business,Education,Healthcare",,,
accredited.health,available,68,9%,10,"Business,Education,Healthcare",,,
abnaki.health,available,68,1%,6,Geography,,,
septenary.health,available,68,1%,9,Mathematics,,,
foursome.health,available,68,4%,8,Sports,,,
licensed.health,available,68,5%,8,"Business,Healthcare,Insurance",,,
octonary.health,available,68,1%,8,Mathematics,,,
disciple.health,available,68,14%,8,"Education,Religion",,,
aberdonian.health,available,68,1%,10,Geography,,,
stygian.health,available,68,5%,7,Humanities,,,
decorated.health,available,68,3%,9,"Entertainment,Fashion,Retail",,,
activating.health,available,68,3%,10,"Healthcare,Manufacturing,Technology",,,
thirtieth.health,available,68,1%,9,Mathematics,,,
ablative.health,available,68,3%,8,Science,,,
threesome.health,available,68,5%,9,Entertainment,,,
ennead.health,available,68,5%,6,Mathematics,,,
aculeate.health,available,68,1%,8,"Engineering,Medicine,Science",,,
abkhas.health,available,68,0%,6,Geography,,,
fortieth.health,available,68,0%,8,Mathematics,,,
abducent.health,available,68,0%,8,Medicine,,,
overseas.health,available,68,12%,8,"Hospitality,Travel",,,
licenced.health,available,68,2%,8,"Business,Healthcare,Insurance",,,
acerate.health,available,68,1%,7,Science,,,
sevener.health,available,68,1%,7,Mathematics,,,
scurvy.health,available,68,3%,6,Humanities,,,
achaian.health,available,68,2%,7,Humanities,,,
achaean.health,available,68,2%,7,Humanities,,,
vindicated.health,available,68,2%,10,"Humanities,Law,Politics",,,
aroused.health,available,68,3%,7,"Entertainment,Health and Fitness",,,
fiftieth.health,available,68,0%,8,Mathematics,,,
ane.health,available,68,12%,3,Mathematics,,,
onec.health,available,66,6%,5,Mathematics,,,
abstinent.health,available,66,1%,9,"Health and Fitness,Religion",,,
adopted.health,available,66,4%,7,"Education,Healthcare",,,
according.health,available,66,3%,9,"Business,Education,Technology",,,
deuce.health,available,66,9%,5,Sports,,,
acappella.health,available,66,6%,10,Entertainment,,,
xiii.health,available,66,9%,4,Mathematics,,,
acrobatic.health,available,66,4%,9,"Entertainment,Sports",,,
buzzing.health,available,66,7%,7,"Entertainment,Media,Technology",,,
xvii.health,available,66,5%,4,Mathematics,,,
six.health,available,66,26%,3,Mathematics,,,
eighty.health,available,66,6%,6,Mathematics,,,
teenager.health,available,66,4%,8,"Education,Entertainment,Healthcare",,,
accessary.health,available,66,1%,9,"Business,Law,Technology",,,
performing.health,available,66,6%,10,Entertainment,,,
adorned.health,available,66,5%,7,"Entertainment,Fashion,Retail",,,
xviii.health,available,66,5%,5,Mathematics,,,
clv.health,available,66,10%,3,Mathematics,,,
xvi.health,available,66,5%,3,Mathematics,,,
acervate.health,available,66,1%,8,Science,,,
xxii.health,available,66,6%,4,Mathematics,,,
five.health,available,66,26%,4,Mathematics,,,
tenner.health,available,66,5%,6,Finance,,,
exonerated.health,available,66,2%,10,"Humanities,Law,Politics",,,
xxi.health,available,66,10%,3,Mathematics,,,
xii.health,available,66,10%,3,Mathematics,,,
xxvi.health,available,66,3%,4,Mathematics,,,
ninety.health,available,66,11%,6,Mathematics,,,
sextet.health,available,66,1%,6,Entertainment,,,
xxv.health,available,66,6%,3,Mathematics,,,
modish.health,available,66,5%,6,Fashion,,,
aflame.health,available,64,3%,6,Entertainment,,,
absolved.health,available,64,1%,8,"Humanities,Law,Religion",,,
accordant.health,available,64,3%,9,"Arts,Entertainment",,,
scatty.health,available,64,1%,6,"Arts,Entertainment,Media",,,
astringent.health,available,64,1%,10,"Healthcare,Pharmaceuticals",,,
nondrinker.health,available,64,1%,10,"Health and Fitness,Religion",,,
acentric.health,available,64,2%,8,Science,,,
aufait.health,available,62,3%,7,"Fashion,Media",,,
activistic.health,available,62,1%,10,"Humanities,Politics",,,
exculpated.health,available,62,1%,10,"Humanities,Law,Politics",,,
ensuant.health,available,62,1%,7,"Healthcare,Insurance,Transportation",,,
fortyfour.health,available,62,6%,10,Mathematics,,,
longdozen.health,available,62,2%,10,Mathematics,,,
chiliad.health,available,62,2%,7,Mathematics,,,
quartet.health,available,62,7%,7,"Arts,Entertainment",,,
twodozen.health,available,62,1%,9,Mathematics,,,
acidic.health,available,62,5%,6,"Food and Beverage,Science",,,
pungent.health,available,62,1%,7,Food and Beverage,,,
sixteenth.health,available,62,1%,9,Mathematics,,,
eighteenth.health,available,62,1%,10,Mathematics,,,
aborigine.health,available,62,1%,9,Humanities,,,
wrapped.health,available,62,13%,7,"Fashion,Hospitality,Retail",,,
accusing.health,available,62,1%,8,Law,,,
accrued.health,available,62,2%,7,"Banking,Finance,Insurance",,,
adoptive.health,available,62,1%,8,"Education,Healthcare",,,
roughly.health,available,62,3%,7,"Business,Media,Technology",,,
abo.health,available,62,15%,3,Science,,,
eleventh.health,available,62,5%,8,Mathematics,,,
playacting.health,available,62,1%,10,Entertainment,,,
cumulative.health,available,62,2%,10,"Banking,Finance,Insurance",,,
admissible.health,available,62,1%,10,"Education,Healthcare,Law",,,
troika.health,available,62,8%,6,Politics,,,
octet.health,available,60,12%,5,Arts,,,
xcl.health,available,60,5%,3,Mathematics,,,
paunchy.health,available,60,0%,7,"Health and Fitness,Medicine",,,
clxx.health,available,60,3%,4,Mathematics,,,
adnate.health,available,60,1%,6,"Agriculture,Manufacturing,Retail",,,
adnexal.health,available,60,1%,7,"Agriculture,Manufacturing,Retail",,,
acceptive.health,available,60,1%,9,"Education,Healthcare",,,
abashed.health,available,60,1%,7,Humanities,,,
cautionary.health,available,60,1%,10,"Business,Education,Healthcare",,,
cxxx.health,available,60,4%,4,Mathematics,,,
thou.health,available,60,7%,4,Mathematics,,,
idolized.health,available,60,3%,8,"Entertainment,Fashion,Retail",,,
clxxx.health,available,60,1%,5,Mathematics,,,
cxlv.health,available,60,2%,4,Mathematics,,,
abstainer.health,available,60,0%,9,"Health and Fitness,Religion",,,
cxx.health,available,60,10%,3,Mathematics,,,
annexal.health,available,60,1%,7,"Agriculture,Manufacturing,Retail",,,
sixty.health,available,60,13%,5,Mathematics,,,
abstemious.health,available,60,0%,10,"Food and Beverage,Health and Fitness,Hospitality",,,
clxv.health,available,60,1%,4,Mathematics,,,
cxxv.health,available,60,1%,4,Mathematics,,,
cxv.health,available,60,4%,3,Mathematics,,,
idolised.health,available,60,1%,8,"Entertainment,Fashion,Retail",,,
cxxxv.health,available,60,2%,5,Mathematics,,,
clxxv.health,available,60,1%,5,Mathematics,,,
cxl.health,available,60,7%,3,Mathematics,,,
eightysix.health,available,60,7%,10,Mathematics,,,
aboveboard.health,available,60,5%,10,"Business,Law",,,
tertiary.health,available,60,4%,8,Education,,,
tercet.health,available,59,2%,6,"Arts,Entertainment,Media",,,
twelfth.health,available,58,2%,7,Mathematics,,,
acetic.health,available,58,1%,6,"Food and Beverage,Science",,,
abridged.health,available,58,4%,8,Media,,,
tetrad.health,available,58,5%,6,Mathematics,,,
addressed.health,available,58,3%,9,"Business,Technology,Telecommunications",,,
adjustive.health,available,58,1%,9,"Manufacturing,Retail,Technology",,,
justabout.health,available,58,3%,10,"Business,Media,Technology",,,
sixtyone.health,available,58,3%,9,Mathematics,,,
quintet.health,available,58,8%,7,"Arts,Entertainment",,,
hexad.health,available,58,4%,5,Mathematics,,,
octad.health,available,58,5%,5,Mathematics,,,
sixer.health,available,58,5%,5,Sports,,,
centesimal.health,available,58,1%,10,Mathematics,,,
adient.health,available,58,4%,6,"Medicine,Science",,,
accented.health,available,58,3%,8,"Arts,Entertainment",,,
adhoc.health,available,58,24%,6,"Business,Engineering,Technology",,,
accoutred.health,available,58,1%,9,"Fashion,Manufacturing,Retail",,,
fourth.health,available,58,13%,6,Mathematics,,,
cypher.health,resell,58,29%,6,Mathematics,19/12/2024 00:07,19/12/2025 00:07,Sav.com LLC
enwrapped.health,available,58,0%,9,"Entertainment,Fashion,Media",,,
eighter.health,available,58,2%,7,Mathematics,,,
niner.health,available,58,5%,5,Mathematics,,,
lxxviii.health,available,58,1%,7,Mathematics,,,
sextuplet.health,available,58,1%,9,Healthcare,,,
seventy.health,available,58,7%,7,Mathematics,,,
abused.health,available,58,5%,6,"Healthcare,Law",,,
accretive.health,available,58,6%,9,"Banking,Finance,Insurance",,,
acyclic.health,available,58,4%,7,"Engineering,Mathematics,Science",,,
aucourant.health,available,58,3%,10,"Fashion,Media",,,
actuarial.health,available,58,8%,9,"Finance,Insurance,Mathematics",,,
heptad.health,available,58,1%,6,Mathematics,,,
addible.health,available,58,2%,7,"Engineering,Mathematics,Science",,,
closeto.health,available,58,3%,8,"Business,Media,Technology",,,
abandoned.health,available,58,10%,9,"Construction,Real Estate",,,
offhanded.health,available,58,1%,9,Entertainment,,,
lxxx.health,available,58,2%,4,Mathematics,,,
pentad.health,available,58,2%,6,Mathematics,,,
fourscore.health,available,58,4%,9,Mathematics,,,
xxviii.health,available,56,1%,6,Mathematics,,,
addled.health,available,56,2%,6,Entertainment,,,
xliii.health,available,56,1%,5,Mathematics,,,
maledict.health,available,56,1%,8,Religion,,,
xxiii.health,available,56,5%,5,Mathematics,,,
terzetto.health,available,56,3%,8,Arts,,,
xxxvi.health,available,56,1%,5,Mathematics,,,
liii.health,available,56,4%,4,Mathematics,,,
fortysix.health,available,56,3%,9,Mathematics,,,
admittable.health,available,56,1%,10,"Education,Healthcare,Hospitality",,,
xlii.health,available,56,5%,4,Mathematics,,,
fiftynine.health,available,56,4%,10,Mathematics,,,
fiftyfour.health,available,56,3%,10,Mathematics,,,
fortyone.health,available,56,4%,9,Mathematics,,,
appressed.health,available,56,0%,9,"Agriculture,Manufacturing,Retail",,,
fiftytwo.health,available,56,6%,9,Mathematics,,,
abeyant.health,available,56,1%,7,"Business,Law",,,
xxxvii.health,available,56,2%,6,Mathematics,,,
accoutered.health,available,56,0%,10,"Fashion,Manufacturing,Retail",,,
xxix.health,available,56,4%,4,Mathematics,,,
lvii.health,available,56,1%,4,Mathematics,,,
xxxiii.health,available,56,2%,6,Mathematics,,,
xxiv.health,available,56,5%,4,Mathematics,,,
xxvii.health,available,56,3%,5,Mathematics,,,
thirtyone.health,available,56,5%,10,Mathematics,,,
xxxi.health,available,56,9%,4,Mathematics,,,
halfdozen.health,available,56,1%,10,Mathematics,,,
xlviii.health,available,56,1%,6,Mathematics,,,
lvi.health,available,56,8%,3,Mathematics,,,
xxxv.health,available,56,4%,4,Mathematics,,,
xli.health,available,56,5%,3,Mathematics,,,
potbellied.health,available,56,0%,10,"Health and Fitness,Medicine",,,
aone.health,available,56,15%,5,Food and Beverage,,,
xlvi.health,available,56,3%,4,Mathematics,,,
thirtytwo.health,available,56,5%,10,Mathematics,,,
admittible.health,available,56,1%,10,"Education,Healthcare,Hospitality",,,
xliv.health,available,56,2%,4,Mathematics,,,
fiftyfive.health,available,56,7%,10,Mathematics,,,
fiftysix.health,available,56,4%,9,Mathematics,,,
xxxii.health,available,56,1%,5,Mathematics,,,
fortynine.health,available,56,3%,10,Mathematics,,,
xxxiv.health,available,56,1%,5,Mathematics,,,
thirtysix.health,available,56,5%,10,Mathematics,,,
lviii.health,available,56,1%,5,Mathematics,,,
xlv.health,available,56,6%,3,Mathematics,,,
lii.health,available,56,7%,3,Mathematics,,,
admissive.health,available,56,1%,9,"Education,Healthcare,Hospitality",,,
abdominous.health,available,56,0%,10,"Health and Fitness,Medicine",,,
ilx.health,available,56,5%,3,Mathematics,,,
xlvii.health,available,56,2%,5,Mathematics,,,
fiftyone.health,available,56,7%,9,Mathematics,,,
xxxviii.health,available,56,1%,7,Mathematics,,,
unnatural.health,available,54,4%,9,"Medicine,Science",,,
deserted.health,available,54,3%,8,"Hospitality,Real Estate",,,
ternion.health,available,54,3%,7,Mathematics,,,
iii.health,available,54,24%,3,Mathematics,,,
abaxial.health,available,54,1%,7,Science,,,
achy.health,available,54,3%,4,Healthcare,,,
monitory.health,available,54,3%,8,"Business,Education,Healthcare",,,
quintuplet.health,available,54,1%,10,"Healthcare,Medicine,Science",,,
abient.health,available,54,1%,6,Science,,,
vii.health,available,54,13%,3,Mathematics,,,
abhorrent.health,available,54,1%,9,Humanities,,,
adaxial.health,available,54,2%,7,Science,,,
deuceace.health,available,54,2%,9,Sports,,,
adducent.health,available,54,1%,8,"Engineering,Mathematics,Science",,,
abatable.health,available,54,1%,8,Law,,,
quadruplet.health,available,54,1%,10,"Healthcare,Medicine,Science",,,
viii.health,available,54,6%,4,Mathematics,,,
topnotch.health,available,54,18%,8,Business,,,
aboral.health,available,54,2%,6,Science,,,
threescore.health,available,54,1%,10,Mathematics,,,
abatic.health,available,54,1%,6,Science,,,
accentual.health,available,54,3%,9,"Arts,Entertainment",,,
actuated.health,available,54,2%,8,"Automotive,Manufacturing,Technology",,,
achromatic.health,available,54,4%,10,Science,,,
scratchy.health,available,54,3%,8,Fashion,,,
abasic.health,available,54,1%,6,Science,,,
sise.health,available,54,5%,4,Mathematics,,,
quatern.health,available,54,2%,7,Mathematics,,,
quaternity.health,available,54,4%,10,Mathematics,,,
acoustical.health,available,54,4%,10,Science,,,
abducens.health,available,54,1%,8,Medicine,,,
accursed.health,available,54,3%,8,"Entertainment,Media,Religion",,,
twoscore.health,available,54,2%,8,Mathematics,,,
admonitory.health,available,54,0%,10,"Business,Education,Healthcare",,,
adductive.health,available,54,0%,9,"Engineering,Mathematics,Science",,,
fortyfive.health,available,54,4%,10,Mathematics,,,
adducting.health,available,54,1%,9,"Engineering,Mathematics,Science",,,
adjuratory.health,available,54,0%,10,"Law,Politics,Religion",,,
quaternion.health,available,54,6%,10,Mathematics,,,
adpressed.health,available,54,0%,9,"Agriculture,Manufacturing,Retail",,,
septet.health,available,53,1%,6,General,,,
sestet.health,available,53,1%,6,Arts,,,
xxx.health,available,53,30%,3,"Arts,Entertainment,Media",,,
ixl.health,available,52,9%,3,Mathematics,,,
aboulic.health,available,52,1%,7,Medicine,,,
abominable.health,available,52,2%,10,"Entertainment,Humanities",,,
lxi.health,available,52,5%,3,Mathematics,,,
lxxv.health,available,52,1%,4,Mathematics,,,
xciii.health,available,52,1%,5,Mathematics,,,
adenoidal.health,available,52,1%,9,"Health and Fitness,Medicine,Science",,,
lxii.health,available,52,1%,4,Mathematics,,,
xcvi.health,available,52,2%,4,Mathematics,,,
chagrined.health,available,52,1%,9,Humanities,,,
sixtyfive.health,available,52,3%,10,Mathematics,,,
sixtyfour.health,available,52,3%,10,Mathematics,,,
repulsive.health,available,52,1%,9,Humanities,,,
lxxxi.health,available,52,1%,5,Mathematics,,,
lxiv.health,available,52,3%,4,Mathematics,,,
tierce.health,available,52,3%,6,General,,,
sixtytwo.health,available,52,3%,9,Mathematics,,,
odious.health,available,52,2%,6,"Entertainment,Humanities",,,
eightytwo.health,available,52,4%,10,Mathematics,,,
sixtysix.health,available,52,4%,9,Mathematics,,,
lxxxvii.health,available,52,1%,7,Mathematics,,,
ablated.health,available,52,1%,7,Science,,,
decumbent.health,available,52,1%,9,"Healthcare,Medicine,Science",,,
xciv.health,available,52,2%,4,Mathematics,,,
lxviii.health,available,52,1%,6,Mathematics,,,
ninetysix.health,available,52,4%,10,Mathematics,,,
lxxxii.health,available,52,1%,6,Mathematics,,,
xci.health,available,52,4%,3,Mathematics,,,
abstruse.health,available,52,5%,8,"Humanities,Mathematics,Science",,,
lxxiv.health,available,52,1%,5,Mathematics,,,
xcviii.health,available,52,1%,6,Mathematics,,,
lxxiii.health,available,52,1%,6,Mathematics,,,
ixc.health,available,52,5%,3,Mathematics,,,
lxxvi.health,available,52,1%,5,Mathematics,,,
abysmal.health,available,52,4%,7,"Arts,Entertainment,Media",,,
lxxii.health,available,52,1%,5,Mathematics,,,
lxxxv.health,available,52,1%,5,Mathematics,,,
lxxvii.health,available,52,2%,6,Mathematics,,,
lxxxiii.health,available,52,1%,7,Mathematics,,,
eightyone.health,available,52,3%,10,Mathematics,,,
lxxi.health,available,52,1%,4,Mathematics,,,
xcv.health,available,52,7%,3,Mathematics,,,
lxvii.health,available,52,1%,5,Mathematics,,,
abusive.health,available,52,3%,7,"Healthcare,Law",,,
lxxxvi.health,available,52,1%,6,Mathematics,,,
lxxxiv.health,available,52,1%,6,Mathematics,,,
lxvi.health,available,52,3%,4,Mathematics,,,
detestable.health,available,52,1%,10,Humanities,,,
lxv.health,available,52,5%,3,Mathematics,,,
repugnant.health,available,52,1%,9,Humanities,,,
ninetytwo.health,available,52,4%,10,Mathematics,,,
xcvii.health,available,52,1%,5,Mathematics,,,
lxiii.health,available,52,2%,5,Mathematics,,,
xcii.health,available,52,2%,4,Mathematics,,,
littlejoe.health,available,52,2%,10,"Entertainment,Media",,,
abducting.health,available,50,0%,9,Medicine,,,
abomasal.health,available,50,0%,8,Agriculture,,,
acerose.health,available,50,1%,7,Science,,,
ogdoad.health,available,50,1%,6,Mathematics,,,
acapnic.health,available,50,0%,7,"Healthcare,Medicine,Science",,,
acetose.health,available,50,1%,7,Science,,,
abbatial.health,available,50,0%,8,Religion,,,
abactinal.health,available,50,0%,9,Science,,,
triplet.health,available,50,8%,7,Science,,,
acquitted.health,available,50,1%,9,Law,,,
acapnotic.health,available,50,0%,9,"Healthcare,Medicine,Science",,,
aborticide.health,available,50,0%,10,Medicine,,,
abranchial.health,available,50,0%,10,Science,,,
aculeated.health,available,50,0%,9,"Engineering,Medicine,Science",,,
needlelike.health,available,50,0%,10,"Engineering,Medicine,Science",,,
abdicable.health,available,50,0%,9,Law,,,
lxx.health,available,50,5%,3,Mathematics,,,
gillless.health,available,50,0%,9,Science,,,
acaudal.health,available,50,1%,7,"Agriculture,Science",,,
broached.health,available,50,0%,8,Food and Beverage,,,
adhominem.health,available,50,2%,10,"Humanities,Law,Politics",,,
spinous.health,available,50,1%,7,"Agriculture,Science",,,
adactylous.health,available,50,0%,10,Science,,,
acerb.health,available,50,2%,5,Science,,,
acetous.health,available,50,1%,7,Science,,,
acellular.health,available,50,1%,9,Science,,,
quint.health,available,50,13%,5,"Arts,Entertainment",,,
trine.health,available,50,11%,5,"General,Religion",,,
cinque.health,available,50,7%,6,Mathematics,,,
scummy.health,available,50,1%,6,Humanities,,,
vinegary.health,available,50,1%,8,Food and Beverage,,,
acerbic.health,available,50,2%,7,"Arts,Humanities,Media",,,
ilxx.health,available,48,1%,4,Mathematics,,,
abstracted.health,available,48,5%,10,"Arts,Humanities,Science",,,
abyssal.health,available,48,12%,7,"Arts,Entertainment,Media",,,
ilxxx.health,available,48,1%,5,Mathematics,,,
notguilty.health,available,48,5%,10,Law,,,
execrable.health,available,48,0%,9,"Entertainment,Humanities",,,
lxxxviii.health,available,48,1%,8,Mathematics,,,
acanthous.health,available,46,0%,9,"Agriculture,Science",,,
cotyloid.health,available,46,1%,8,Science,,,
acanthotic.health,available,46,0%,10,"Agriculture,Science",,,
acetonic.health,available,46,1%,8,Science,,,
acarpous.health,available,46,0%,8,"Agriculture,Science",,,
acicular.health,available,46,2%,8,Science,,,
theabsurd.health,available,46,1%,10,"Arts,Entertainment,Media",,,
stripling.health,available,46,2%,9,"Education,Entertainment,Healthcare",,,
acapnial.health,available,46,0%,8,"Healthcare,Medicine,Science",,,
achenial.health,available,46,1%,8,Science,,,
acephalous.health,available,46,1%,10,Science,,,
acetabular.health,available,46,1%,10,Science,,,
acheronian.health,available,46,1%,10,Humanities,,,
acaudate.health,available,46,1%,8,"Agriculture,Science",,,
quaternary.health,available,46,3%,10,Mathematics,,,
acanthoid.health,available,46,1%,9,"Agriculture,Science",,,
achromous.health,available,46,1%,9,Science,,,
achromic.health,available,46,2%,8,Science,,,
vinegarish.health,available,46,1%,10,Food and Beverage,,,
stemless.health,available,46,2%,8,"Agriculture,Science",,,
acetylenic.health,available,46,1%,10,Science,,,
acetylic.health,available,46,1%,8,Science,,,
acarpelous.health,available,46,0%,10,"Agriculture,Science",,,
cotyloidal.health,available,44,1%,10,Science,,,
accusatory.health,available,44,1%,10,Law,,,
acherontic.health,available,44,1%,10,Humanities,,,
abscessed.health,available,41,0%,9,Healthcare,,,
accurst.health,available,40,1%,7,Religion,,,
scurrilous.health,available,40,1%,10,"Entertainment,Media,Politics",,,
accusive.health,available,40,1%,8,Law,,,